time,layout.data_offset,data[0],data[1],data[2]
23830773,0,0.5644664228348352,1.1446642283483517,0.8446642283483518
29121221,0,0.6224862033861869,1.1446642283483517,0.8446642283483518
249667782,0,0.7224862033861869,4.4990513801574705,0.8481124524475488
472539734,0,0.8224862033861868,4.4990513801574705,0.8597940273430803
686902217,0,0.9224862033861868,4.4990513801574705,0.8830408307512096
893702087,0,1.0224862033861868,4.4990513801574705,0.9144513402536634
1108730377,0,1.1224862033861869,4.4990513801574705,0.9508912734532464
1320349071,0,1.222486203386187,4.4990513801574705,0.9931621061500968
1546779028,0,1.322486203386187,4.4990513801574705,1.0411483426751464
1762431434,0,1.4224862033861871,4.4990513801574705,1.0949359941504242
1981216521,0,1.5224862033861872,4.4990513801574705,1.1536159271211808
2192753833,0,1.6224862033861873,4.4990513801574705,1.2163646374094879
2425793889,0,1.7224862033861874,4.4990513801574705,1.2811812747016547
2653899296,0,1.8224862033861875,4.4990513801574705,1.3463222224630698
2874477999,0,1.9224862033861876,4.4990513801574705,1.4105669287425293
3100302456,0,2.0224862033861877,4.4990513801574705,1.474188904120616
3340884386,0,2.1224862033861878,4.4990513801574705,1.536562838247016
3567568436,0,2.222486203386188,4.4990513801574705,1.5971742884355455
3789864116,0,2.322486203386188,4.4990513801574705,1.6570916717906903
4002438310,0,2.422486203386188,4.4990513801574705,1.716974752045327
4219071233,0,2.522486203386188,4.4990513801574705,1.7768685141226719
4442973006,0,2.622486203386188,4.4990513801574705,1.8361912080666698
4678028056,0,2.7224862033861883,4.4990513801574705,1.9059784139489657
4928068544,0,2.8224862033861884,4.4990513801574705,1.988861282552108
5147470171,0,2.9224862033861885,4.4990513801574705,2.073668988201642
5381192319,0,3.0224862033861886,4.4990513801574705,2.1540476322051467
5614233183,0,3.1224862033861887,4.4990513801574705,2.2301864258855755
5824383214,0,3.2224862033861887,4.4990513801574705,2.304193938358434
6071063195,0,3.322486203386189,4.4990513801574705,2.375540764630201
6295863040,0,3.422486203386189,4.4990513801574705,2.4460522923467063
6515604637,0,3.522486203386189,4.4990513801574705,2.518062782265124
6742884688,0,3.620142721063317,4.4990513801574705,2.592451098297831
6961125444,0,3.7080335869727326,4.4990513801574705,2.6696215326787374
7197070976,0,3.7871353662912064,4.4990513801574705,2.7498929521061815
7439700555,0,3.858326967677833,4.4990513801574705,2.8254173832889973
7659951354,0,3.9223994089257967,4.4990513801574705,2.8962753246213797
7880466698,0,3.9547537559055317,4.245942878723144,2.96082885092396
8110349029,0,3.983872668187293,4.245942878723144,3.0019478079584365
8332217889,0,4.010079689240878,4.245942878723144,3.0297952807653226
8567307770,0,4.021189945414446,4.121182250976562,3.048451097910004
8812483442,0,4.00666408193837,3.8759313106536863,3.0599056278364363
9040405196,0,3.993590804809901,3.8759313106536863,3.0656671386861998
9268385706,0,3.9818248553942794,3.8759313106536863,3.0714070628666112
9498670594,0,3.959219633686944,3.7557726383209227,3.0799252155598205
9724882388,0,3.9388749341503417,3.7557726383209227,3.09102205954432
9943442266,0,3.9205647045673997,3.7557726383209227,3.096124657963871
10166169634,0,3.8922601986797516,3.637519645690918,3.0919244869744396
10393879158,0,3.8667861433808683,3.637519645690918,3.0893703737969336
10627306556,0,3.8322479127631794,3.5214038372039793,3.091764063648509
10842108487,0,3.8011635052072594,3.5214038372039793,3.086339332956631
11067338135,0,3.7586401213661444,3.3759296667961087,3.075929666796109
11311418702,0,3.719078642431709,3.3630253320217864,3.0630253320217866
11538290363,0,3.6822892335207675,3.3511845533222977,3.051184553322298
11752691549,0,3.648469033688634,3.3440872351994346,3.044087235199435
11952587179,0,3.6174062798083275,3.3378414948855673,3.0378414948855674
12169789064,0,3.5880216405469385,3.323559887194438,3.023559887194438
12395107201,0,3.5596516983767224,3.304322218844779,3.0043222188447793
12606749321,0,3.5319727532203613,3.2828622468131132,2.9828622468131134
12827552444,0,3.5052678939110766,3.264924160127513,2.9649241601275134
13056705736,0,3.4795854198157765,3.2484431529580764,2.9484431529580766
13287107705,0,3.4545203728203737,3.22893494986175,2.92893494986175
13502702368,0,3.430881901410805,3.2181356587246843,2.9181356587246845
13739420761,0,3.408936263735054,3.2114255246532935,2.9114255246532936
13956714548,0,3.3879454345438207,3.199027971822722,2.899027971822722
14193830009,0,3.367291577529322,3.1814068643988316,2.8814068643988318
14426484298,0,3.347016320076085,3.164539002996953,2.864539002996953
14649399195,0,3.3278247875995084,3.1551009953103173,2.8551009953103175
14887716586,0,3.3094723096068734,3.1443000076731584,2.8443000076731586
15114589179,0,3.292010753825248,3.1348567517906187,2.834856751790619
15334787541,0,3.275125493095675,3.12315814652952,2.8231581465295204
15551951714,0,3.2589233199064975,3.113103761203899,2.8131037612038994
15772160842,0,3.2431439862121816,3.1011299829633368,2.801129982963337
16017415447,0,3.228347126199209,3.0951753860824582,2.7951753860824584
16239982270,0,3.2147032651686827,3.0919085158939463,2.7919085158939465
16474647544,0,3.2014049931104616,3.08172054458647,2.78172054458647
16691269445,0,3.1886401230514614,3.07375629252046,2.77375629252046
16932538296,0,3.176291421021365,3.0651531027504975,2.7651531027504976
17184302384,0,3.1634859815604033,3.0482370264117513,2.7482370264117515
17446828612,0,3.1505181036337593,3.033807202293961,2.7338072022939612
17675771338,0,3.1379680080833103,3.025017148129269,2.725017148129269
17924799683,0,3.126113530698476,3.0194232342349667,2.719423234234967
18162386001,0,3.115005866721174,3.015036890925456,2.715036890925456
18425042287,0,3.1044077033498483,3.009024233007917,2.7090242330079173
18687289906,0,3.093332106658332,2.993651736434687,2.693651736434687
18910466786,0,3.081130959846215,2.9713206385371618,2.671320638537162
19140601278,0,3.068277525896723,2.9525966203513,2.6525966203513
19366299449,0,3.0555469289075763,2.9409715560052536,2.640971556005254
19586474467,0,3.043377588321037,2.9338535230421847,2.633853523042185
19804008085,0,3.032024264144147,2.929844346552135,2.6298443465521353
20021284549,0,3.0215834285859864,2.927615908562544,2.6276159085625443
20247858473,0,3.0110915292216114,2.916664434942236,2.616664434942236
20459662183,0,2.999637090693335,2.8965471439388457,2.596547143938846
20674695073,0,2.986902402576654,2.8722902095265246,2.5722902095265248
20889440958,0,2.973735018242289,2.8552285592330033,2.5552285592330035
21126792886,0,2.9608145647017365,2.844530482836763,2.544530482836763
21360457819,0,2.9485330426622043,2.837999344306414,2.537999344306414
21600614342,0,2.9370519339131964,2.833721955172126,2.533721955172126
21836291955,0,2.9255934597825246,2.8224671926064775,2.5224671926064777
22072423395,0,2.9142959868034004,2.8126187299912813,2.5126187299912814
22291166818,0,2.902474584798742,2.7960819667568173,2.4960819667568175
22509225382,0,2.890127035053694,2.778999087348259,2.4789990873482592
22726705358,0,2.8780971579863253,2.7698282643800076,2.469828264380008
22941526025,0,2.8660540336854545,2.7576659149776193,2.4576659149776194
23160191654,0,2.853753086410481,2.743044560935722,2.4430445609357223
23379944460,0,2.842023144123598,2.7364536635416523,2.4364536635416525
23600850692,0,2.830397286887732,2.725764571764933,2.425764571764933
23821102092,0,2.8189169344640583,2.715593762650995,2.415593762650995
24048050617,0,2.8079088394429026,2.7088359842525023,2.4088359842525024
24259004680,0,2.7969837195759486,2.6986576407733627,2.398657640773363
24492987917,0,2.786610184288109,2.6932483666975497,2.39324836669755
24708553190,0,2.7762193415378547,2.6827017567855687,2.382701756785569
24938785528,0,2.7665310388515225,2.679336314674532,2.379336314674532
25156169173,0,2.7571484688759167,2.6727053390954665,2.3727053390954667
25395242802,0,2.748255097500855,2.6682147551253,2.3682147551253
25623483304,0,2.7401505145893106,2.6672092683854127,2.367209268385413
25855844328,0,2.7322538948797295,2.6611843174934973,2.3611843174934974
26090189398,0,2.7252658054177608,2.662373000260042,2.362373000260042
26312909957,0,2.718649218770809,2.659099938948245,2.359099938948245
26525389415,0,2.7125022380126476,2.657179411189194,2.357179411189194
26766935670,0,2.7070244004968123,2.6577238628542967,2.357723862854297
26995985955,0,2.701722788907093,2.6540082845996213,2.3540082845996215
27212753015,0,2.6971132993364915,2.655627893201076,2.3556278932010764
27439760986,0,2.6926106335525866,2.652086641497444,2.3520866414974444
27673615540,0,2.6887307510442513,2.653811808469233,2.353811808469233
27897560947,0,2.6853138150106117,2.654561390707856,2.354561390707856
28128318713,0,2.6829807986443206,2.661983651347702,2.3619836513477024
28347330254,0,2.6820958027747364,2.6741308399484773,2.3741308399484775
28574133277,0,2.6822072325290596,2.68321010031797,2.38321010031797
28799637929,0,2.6831456760313936,2.6915916675524016,2.391591667552402
29023258240,0,2.6852736321951873,2.7044252376693283,2.4044252376693285
29251236623,0,2.6887550842725627,2.7200881529689407,2.420088152968941
29508276030,0,2.693321023297235,2.734414474519286,2.4344144745192864
29724184146,0,2.6977025320199184,2.737136110524069,2.437136110524069
29949280164,0,2.7010711534712586,2.7313887465333226,2.431388746533323
30189023619,0,2.7037161485199954,2.7275211039586287,2.427521103958629
30418382464,0,2.7066165901122425,2.732720564442468,2.432720564442468
30641496360,0,2.710368057813242,2.744131267122237,2.4441312671222373
30883525989,0,2.71530529380987,2.7597404177795237,2.459740417779524
31102203990,0,2.721536238324127,2.7776147389524395,2.4776147389524397
31317149105,0,2.72906075854909,2.796781440573756,2.496781440573756
31536318015,0,2.736811226401429,2.806565437072481,2.506565437072481
31756822581,0,2.743754584655599,2.806244808943128,2.506244808943128
31979403412,0,2.749760613172083,2.80381486982044,2.5038148698204403
32184241478,0,2.7558070083132904,2.810224564584157,2.510224564584157
32424044843,0,2.7625689441536263,2.823426366716649,2.523426366716649
32643295282,0,2.770508145531234,2.841960957929707,2.541960957929707
32866695569,0,2.7798675359540725,2.864102049759618,2.5641020497596183
33087323841,0,2.7906108568809995,2.8873007452233415,2.5873007452233416
33314304862,0,2.8015760178208815,2.90026246627982,2.6002624662798204
33534847941,0,2.812001755343543,2.9058333930474927,2.605833393047493
33762028710,0,2.822592469684992,2.9179088987580357,2.617908898758036
33987893690,0,2.833961013172185,2.9362779045569245,2.6362779045569247
34230995668,0,2.84631625089495,2.957513390399836,2.6575133903998363
34449217016,0,2.858683184654123,2.9699855884866837,2.669985588486684
34672822222,0,2.870275424029222,2.974605578405109,2.6746055784051093
34905042443,0,2.8815985686748418,2.983506870485423,2.6835068704854232
35136651513,0,2.893459726506316,3.0002101469895845,2.7002101469895847
35353973176,0,2.9063499379142854,3.022361840586011,2.7223618405860113
35585536517,0,2.920407531828014,3.046925877051571,2.746925877051571
35844993113,0,2.9349487196926507,3.0658194104743814,2.7658194104743816
36067083239,0,2.949045459730531,3.0759161200714527,2.775916120071453
36282339666,0,2.9625299984319877,3.083890846745099,2.7838908467450993
36498909288,0,2.97635105986753,3.1007406127874098,2.80074061278741
36715339039,0,2.9911066122219596,3.123906583411829,2.823906583411829
36947216728,0,3.00709012082332,3.150941698235566,2.850941698235566
37157008330,0,3.024413889040448,3.1803278029946007,2.880327802994601
37372118587,0,3.0430693881645254,3.210968880281221,2.9109688802812212
37628152368,0,3.0622364588825466,3.2347400953447383,2.9347400953447385
37858058662,0,3.0809519781752788,3.2493916518098667,2.949391651809867
38079686995,0,3.098822872549449,3.2596609219169816,2.959660921916982
38318642949,0,3.1166906976514905,3.2775011235698632,2.9775011235698634
38552634409,0,3.1352139406676445,3.3019231278130303,3.0019231278130305
38761360635,0,3.1546615242962126,3.329689776953327,3.0296897769533273
38974422705,0,3.1752091861753255,3.360138143087343,3.060138143087343
39187110301,0,3.1969113945894456,3.3922312703165267,3.092231270316527
39390950253,0,3.2196385090770767,3.4241825394657583,3.1241825394657585
39599153664,0,3.242368711330524,3.4469405316115527,3.146940531611553
39817319534,0,3.2643782010038738,3.4624636080640183,3.1624636080640185
40024601444,0,3.285707857466536,3.4776747656304963,3.1776747656304964
40252639278,0,3.3072418206647214,3.501047489448391,3.201047489448391
40480276957,0,3.3295994314199273,3.5308179282167815,3.2308179282167817
40713258019,0,3.3529230414689724,3.5628355319103777,3.262835531910378
40946492683,0,3.377259749070781,3.5962901174870594,3.2962901174870596
41163251329,0,3.4025761378708697,3.6304236370716674,3.3304236370716676
41385087424,0,3.4285128472038293,3.661943231200465,3.361943231200465
41594237798,0,3.4550841423806022,3.6942257989715594,3.3942257989715596
41841167766,0,3.482439940839116,3.728642126965738,3.4286421269657383
42058330145,0,3.5105825763392344,3.7638662958403004,3.4638662958403006
42290133783,0,3.5387113429485053,3.7918702424319446,3.4918702424319448
42507703700,0,3.566030907710451,3.811906990567962,3.511906990567962
42765018818,0,3.592287671746939,3.8285985480753353,3.5285985480753355
42999033433,0,3.6182271068164615,3.8516820224421613,3.5516820224421615
43218231220,0,3.644375381946784,3.879709858119689,3.5797098581196893
43434889523,0,3.671021251329084,3.910834075769783,3.610834075769783
43653681836,0,3.6983111194132006,3.9439199321702496,3.64391993217025
43884965379,0,3.726293473037547,3.9781346556566652,3.6781346556566654
44144549084,0,3.754853219875974,4.011890941421817,3.711890941421817
44370198516,0,3.7831554113935226,4.037875135051461,3.737875135051461
44600826737,0,3.8105839323457125,4.057440620915423,3.757440620915423
44834289357,0,3.836868009313818,4.073424702026769,3.7734247020267695
45058516279,0,3.861856355740678,4.086751473582418,3.786751473582418
45311909794,0,3.8861238541712826,4.104531340046722,3.804531340046722
45551474037,0,3.9102070195609553,4.126955508068008,3.8269555080680075
45779586489,0,3.9349861117084997,4.157997941036397,3.857997941036397
46024941617,0,3.96032590264992,4.188384021122701,3.888384021122701
46279561624,0,3.985282865353353,4.209895529684252,3.9098955296842526
46512801258,0,4.009592983382186,4.22838404564168,3.92838404564168
46731801476,0,4.033742573106003,4.251088880620358,3.9510888806203583
46948036504,0,4.057328975195532,4.269606594001296,3.969606594001296
47164855931,0,4.080641116921816,4.290450392458368,3.9904503924583676
47376211531,0,4.103733608789623,4.311566035599891,4.011566035599891
47615664879,0,4.126763455005802,4.334032070951415,4.034032070951415
47830487050,0,4.14997454573774,4.358874362325176,4.058874362325176
48056115890,0,4.172722072410002,4.377449812460362,4.077449812460362
48267442447,0,4.195141158503534,4.396912933345324,4.096912933345324
48479087274,0,4.2175481618060555,4.419211191528744,4.119211191528744
48696853395,0,4.239398408764354,4.436050631389046,4.136050631389046
48916451805,0,4.261034104396392,4.455755365084737,4.155755365084737
49143847899,0,4.282303519091813,4.473728251350596,4.173728251350596
49366706529,0,4.302967508904759,4.488943417221277,4.188943417221277
49578944069,0,4.323569042206879,4.508982841925954,4.2089828419259545
49793378433,0,4.343798757010174,4.52586619023983,4.22586619023983
50021524525,0,4.363667595841326,4.542487145321695,4.242487145321695
50236075777,0,4.383546566059649,4.562457298024556,4.2624572980245565
50459104825,0,4.403175688963265,4.579837795095809,4.279837795095809
50691196910,0,4.422712780597984,4.5985466053104584,4.298546605310459
50911711489,0,4.442078819331237,4.616373167930514,4.316373167930514
51140400747,0,4.461185979640944,4.633150422428302,4.333150422428302
51380047813,0,4.48015163621031,4.650842545334605,4.350842545334605
51589404255,0,4.498763871676942,4.666273990876618,4.366273990876619
51813107082,0,4.517253809249651,4.683663247404035,4.383663247404035
52031021252,0,4.535513075373297,4.69984647048611,4.39984647048611
52278386284,0,4.553589231432366,4.716274635963988,4.416274635963989
52492011597,0,4.571557478611251,4.7332717032212175,4.433271703221218
52704888209,0,4.589286029990543,4.748842992404163,4.448842992404163
52937232170,0,4.606849525694873,4.764920987033847,4.464920987033847
53151614519,0,4.6241645041147885,4.779999309894032,4.4799993098940325
53375094898,0,4.641286302678331,4.795382489750217,4.4953824897502175
53587359101,0,4.657973872715559,4.808162003050601,4.508162003050601
53806744219,0,4.674601284654774,4.824247992107717,4.524247992107717
54024047037,0,4.690769672535042,4.836285163457457,4.536285163457457
54276073728,0,4.707241431733266,4.8554872645172775,4.555487264517278
54509128616,0,4.723781436170367,4.872641476104277,4.572641476104277
54782688526,0,4.740536249811782,4.89132957258451,4.5913295725845105
55022676435,0,4.757440535899958,4.909579110693545,4.609579110693545
55258459171,0,4.774577304717274,4.928808224073119,4.628808224073119
55496814810,0,4.791896288664087,4.947767144185397,4.647767144185397
55747846105,0,4.809443516517599,4.967368567199213,4.667368567199214
56005212276,0,4.827208696262624,4.987095313967846,4.687095313967847
56236822514,0,4.845091979267424,5.006041526310621,4.706041526310621
56460817125,0,4.863439016388873,5.028562350481915,4.728562350481915
56684951500,0,4.882027112572308,5.049319978223218,4.749319978223218
56913341896,0,4.901008064081953,5.071836627668761,4.771836627668761
57134625056,0,4.920172262215635,5.092650045418773,4.792650045418773
57355371096,0,4.939752484498058,5.115974485039862,4.815974485039862
57582088991,0,4.959529480413801,5.137522443655486,4.8375224436554864
57817104556,0,4.979927980693593,5.163514483211717,4.863514483211717
58039471802,0,5.00065824857559,5.187230659513558,4.887230659513558
58271776608,0,5.021999483156225,5.214070594381948,4.914070594381948
58497866930,0,5.043531185487962,5.237316506473587,4.9373165064735876
58739058857,0,5.065479580033144,5.263015130939787,4.963015130939787
58978769746,0,5.087654192128189,5.28722570098359,4.98722570098359
59234015084,0,5.109393193943876,5.3050442102850655,5.005044210285066
59480714595,0,5.1305237952406095,5.320699206911213,5.020699206911213
59706805705,0,5.151377595844077,5.339061801275288,5.039061801275288
59944144434,0,5.1720172539268,5.3577741766713025,5.057774176671303
60183413845,0,5.192250571435684,5.374350429015647,5.074350429015647
60424092994,0,5.211449146540861,5.384236322487456,5.084236322487456
60667921127,0,5.2300389334067106,5.397347015199353,5.097347015199353
60896873840,0,5.24827261669312,5.4123757662708,5.1123757662708
61140991460,0,5.266034247966675,5.425888929428677,5.125888929428677
61408025790,0,5.283247865940402,5.4381704277039455,5.138170427703946
61644464640,0,5.300341693070746,5.454186137243839,5.15418613724384
61888628354,0,5.317475703438543,5.471681796748716,5.171681796748716
62110107413,0,5.334359142245425,5.486310091507362,5.186310091507362
62348832706,0,5.350418260123046,5.494950321021631,5.194950321021631
62577297698,0,5.364755695425641,5.493792613148995,5.193792613148995
62807021298,0,5.376925560991589,5.486454351085123,5.186454351085123
63036198290,0,5.386787692858363,5.475546879659321,5.175546879659321
63254835088,0,5.39444819477836,5.463392712058336,5.163392712058336
63480650858,0,5.4001609808320605,5.451576055315361,5.151576055315362
63694383255,0,5.404811806669571,5.446669239207163,5.146669239207164
63951642297,0,5.409298525703428,5.4496789970081405,5.149678997008141
64180854444,0,5.41413363195213,5.457649588190447,5.157649588190448
64388044159,0,5.4195633353926045,5.468430666356871,5.168430666356871
64618906700,0,5.425633265561933,5.480262637085887,5.180262637085887
64839139639,0,5.432145648984573,5.490757099788333,5.190757099788333
65063026286,0,5.438968986638495,5.500379025523798,5.200379025523798
65290247717,0,5.445865513096348,5.507934251217019,5.2079342512170195
65518380063,0,5.451911711806282,5.506327500195688,5.206327500195688
65769068917,0,5.456580194014664,5.498596533890094,5.198596533890094
65998986629,0,5.459826676345109,5.489045017319121,5.189045017319121
66224743647,0,5.462282195278699,5.484381865681006,5.184381865681006
66474515356,0,5.464313228679956,5.482592529291268,5.182592529291268
66674214516,0,5.465562226509107,5.476803206971469,5.176803206971469
66883702977,0,5.4661838149551665,5.471778110969702,5.1717781109697025
67088340447,0,5.466456386473765,5.468909530141153,5.168909530141153
67309620844,0,5.4660455815318665,5.462348337054779,5.162348337054779
67519489054,0,5.465139913297649,5.456988899189687,5.156988899189687
67732528184,0,5.463941067972902,5.45315146005018,5.15315146005018
67944602108,0,5.462086993642294,5.445400324666817,5.145400324666817
68155013179,0,5.459846852865405,5.439685585873398,5.139685585873398
68385827592,0,5.4568998212228035,5.430376536439395,5.130376536439395
68637191630,0,5.45341257033678,5.4220273123625695,5.12202731236257
68847164600,0,5.449162498198338,5.410911848952363,5.110911848952363
69063715380,0,5.444492534091426,5.402462857129218,5.102462857129218
69287318662,0,5.439250839693882,5.392075590115986,5.092075590115986
69533889194,0,5.433496008480324,5.381702527558304,5.0817025275583045
69757341158,0,5.426960755582918,5.3681434795062675,5.068143479506268
69986236228,0,5.4194387227164205,5.351740426917944,5.051740426917944
70219844069,0,5.410877675030309,5.333828245855304,5.033828245855304
70446689257,0,5.401351717656852,5.315618101295742,5.015618101295742
70657772416,0,5.390951577237877,5.297350313467104,4.997350313467104
70876706073,0,5.380197369737376,5.283409502232866,4.983409502232866
71088142049,0,5.3696767571068165,5.274991243431783,4.974991243431783
71331002408,0,5.3598582270599096,5.271491456637749,4.971491456637749
71552918139,0,5.351021670018504,5.271492656645858,4.971492656645858
71783062611,0,5.343390220453513,5.274707174368594,4.974707174368594
71997684343,0,5.336843581926984,5.277923835188224,4.977923835188224
72201728479,0,5.331560873419219,5.284016496849337,4.984016496849337
72432816367,0,5.32769509498413,5.292903089068332,4.992903089068332
72644583666,0,5.325065282841549,5.3013969735583135,5.001396973558314
72878189225,0,5.32310591123374,5.305471566763457,5.0054715667634575
73121379697,0,5.321363083931264,5.305677638208977,5.005677638208978
73335970931,0,5.320149748285831,5.309229727476945,5.009229727476945
73577483679,0,5.319971908874306,5.318371354170578,5.018371354170578
73788119627,0,5.320832965656265,5.3285824766938985,5.028582476693899
74027212727,0,5.322090191859471,5.333405227688319,5.033405227688319
74243030082,0,5.323483065914583,5.336018932410591,5.036018932410591
74468733847,0,5.324992418870782,5.338576595476575,5.0385765954765755
74694922338,0,5.3271778538524455,5.346846768687419,5.046846768687419
74908056149,0,5.3305324196149195,5.360723511477187,5.060723511477187
75136987158,0,5.335355925773357,5.378767481199295,5.0787674811992956
75355571805,0,5.341905532314577,5.400851991185556,5.100851991185556
75579400641,0,5.350243972716272,5.425289936331523,5.125289936331523
75793247976,0,5.359565518798387,5.443459433537431,5.143459433537431
76014889553,0,5.369383664900869,5.457746979823204,5.157746979823204
76236017564,0,5.379722012897269,5.472767144864871,5.1727671448648715
76467368823,0,5.390370662314342,5.486208507067998,5.186208507067998
76693352229,0,5.401096193422029,5.497625973391219,5.19762597339122
76963422029,0,5.412035969010271,5.5104939493044425,5.210493949304443
77199857865,0,5.423480657631443,5.5264828552219925,5.226482855221993
77416102998,0,5.435043785175699,5.539111933074006,5.239111933074006
77646647351,0,5.446308466422194,5.547690597640649,5.247690597640649
77866223873,0,5.457213163794436,5.555355440144613,5.255355440144613
78111884075,0,5.46830198265947,5.568101352444773,5.2681013524447735
78348881037,0,5.479902194481746,5.58430410088224,5.28430410088224
78562769353,0,5.492186681453241,5.602747064196686,5.302747064196686
78795135057,0,5.505220837871681,5.622528245637641,5.322528245637641
79016452086,0,5.519059121245989,5.6436036716147555,5.343603671614756
79228301658,0,5.533703464995986,5.665502558745958,5.365502558745958
79455566441,0,5.549130133784699,5.687970152883119,5.387970152883119
79674322256,0,5.565236539711418,5.710194193051897,5.410194193051897
79886906404,0,5.581521214663988,5.728083289237116,5.428083289237116
80126156332,0,5.597339142546525,5.739700493489351,5.439700493489351
80338078824,0,5.61234397607999,5.747387477881182,5.447387477881183
80568632823,0,5.626234688435121,5.751251099631294,5.451251099631294
80804230156,0,5.639446512441957,5.758352928503485,5.458352928503485
81025295092,0,5.652578463555697,5.770766023579363,5.470766023579364
81258015510,0,5.665932493992068,5.786118767919412,5.486118767919412
81493946732,0,5.67888362075264,5.795443761597785,5.495443761597786
81702095104,0,5.691122949309013,5.801276906316364,5.501276906316364
81957767861,0,5.702638242272336,5.806275878942245,5.506275878942245
82172454390,0,5.71306145316813,5.80687035123028,5.506870351230281
82401223988,0,5.722637518032528,5.808822101812101,5.508822101812101
82623339831,0,5.731697687304118,5.813239210748427,5.513239210748427
82831542680,0,5.740514538883431,5.8198662030972494,5.51986620309725
83044008656,0,5.749411765190337,5.829486801952494,5.529486801952494
83268503978,0,5.758099462642508,5.836288739712045,5.536288739712045
83497927128,0,5.76617237338151,5.83882857003253,5.53882857003253
83740888446,0,5.773483608924937,5.839284728815783,5.539284728815783
83964620024,0,5.780800685405542,5.846654373730995,5.546654373730995
84180546292,0,5.788823035983575,5.861024191185872,5.561024191185872
84412171063,0,5.797626750217696,5.87686017832479,5.57686017832479
84631225459,0,5.806550667164358,5.886865919684318,5.5868659196843184
84870054471,0,5.8153530844662455,5.894574840183236,5.5945748401832365
85095195121,0,5.824254660036273,5.904368840166517,5.604368840166517
85329568160,0,5.8331658409502785,5.9133664691763315,5.613366469176332
85544716554,0,5.8421296193673635,5.922803625121128,5.622803625121128
85787300266,0,5.851226295410592,5.933096379799642,5.6330963797996425
86047365697,0,5.860435977052829,5.94332311183296,5.64332311183296
86282891153,0,5.869539093252083,5.95146713904537,5.65146713904537
86503556005,0,5.877946903129414,5.953617192025386,5.653617192025386
86733837797,0,5.885370266057563,5.952180532410902,5.6521805324109025
86986271066,0,5.891710197425,5.948769579731931,5.6487695797319315
87206349773,0,5.897003715966687,5.9446453828418715,5.644645382841872
87423959549,0,5.901860740306076,5.945573959360578,5.645573959360578
87638637964,0,5.906868672299979,5.951940060245102,5.651940060245102
87860119435,0,5.912413916517512,5.962321114475311,5.662321114475311
88096422005,0,5.918139411918831,5.969668870530702,5.669668870530702
88326340674,0,5.923561243802027,5.972357730750789,5.6723577307507895
88551656518,0,5.928722275166802,5.975171557449781,5.675171557449781
88790846463,0,5.933319170774924,5.9746912312480225,5.674691231248023
89020918340,0,5.9372102348166855,5.97222981119254,5.67222981119254
89247026211,0,5.940835288380544,5.973460770455272,5.673460770455272
89469660651,0,5.94452359037805,5.977718308355599,5.677718308355599
89694045402,0,5.948420406743199,5.983491754029541,5.683491754029541
89920300171,0,5.9526250030419945,5.990466369731152,5.690466369731152
90144204987,0,5.957198719483015,5.998362167452199,5.698362167452199
90396723882,0,5.9620374022530385,6.005585547183245,5.7055855471832455
90626390497,0,5.966629733072922,6.007960710451872,5.707960710451872
90851261392,0,5.970418453197043,6.00451693431414,5.70451693431414
91061722435,0,5.973124526901808,5.997479190244693,5.697479190244693
91273768577,0,5.974639142946733,5.988270687351059,5.688270687351059
91527704603,0,5.97510180771666,5.979265790645998,5.6792657906459985
91752805131,0,5.975177475901912,5.975858489569176,5.675858489569176
91969613487,0,5.975164289054607,5.975045607428866,5.675045607428866
92186241893,0,5.9748050756888125,5.971572155396658,5.6715721553966585
92406038935,0,5.974259322309633,5.969347541897015,5.669347541897015
92629795060,0,5.973243242059123,5.964098519804536,5.664098519804536
92864392907,0,5.971859102460185,5.95940184606974,5.65940184606974
93115297904,0,5.969791626342676,5.9511843412850975,5.651184341285098
93387257024,0,5.967265747680882,5.944532839724734,5.644532839724734
93636033275,0,5.964533095958963,5.939939230461691,5.6399392304616915
93876484712,0,5.961616676956194,5.9353689059312655,5.635368905931266
94097526028,0,5.95798270564628,5.925276963857065,5.625276963857065
94327418454,0,5.9532850681838605,5.911006331022078,5.611006331022078
94552148794,0,5.947367612423145,5.894110510576708,5.594110510576709
94775979866,0,5.940548088321119,5.879172371402884,5.579172371402884
95006929567,0,5.93330518716711,5.868119076781026,5.568119076781026
95233169230,0,5.925842096793786,5.858674283433866,5.5586742834338665
95461766249,0,5.917735236627253,5.844773495128458,5.544773495128458
95679737067,0,5.908511601743608,5.825498887790797,5.525498887790797
95892799679,0,5.897931204446256,5.802707628770094,5.502707628770094
96115190277,0,5.885862036072367,5.777239520707366,5.477239520707366
96327623419,0,5.872307221557117,5.750313890919865,5.450313890919865
96557249302,0,5.857906166371702,5.72829666970297,5.42829666970297
96786263999,0,5.843192531325315,5.710769815907832,5.410769815907832
97021116693,0,5.828443998790617,5.69570720597834,5.39570720597834
97224820505,0,5.81379384749401,5.68194248582454,5.38194248582454
97444844967,0,5.799112768536973,5.666983057923642,5.366983057923642
97665974637,0,5.784421735750001,5.6522024406672555,5.352202440667256
97895232642,0,5.7697481426691555,5.637685804941539,5.337685804941539
98128164109,0,5.755205939843226,5.624326114409859,5.3243261144098595
98342668684,0,5.740818736276342,5.6113339041743915,5.311333904174392
98566256193,0,5.7263088953492325,5.5957203270052505,5.295720327005251
98785648773,0,5.711123696945182,5.574456911308729,5.274456911308729
99004173015,0,5.695028796511609,5.550174692609451,5.250174692609451
99221159962,0,5.677911228995675,5.523853121352262,5.2238531213522625
99443696740,0,5.659844159682995,5.497240535868883,5.197240535868883
99665347645,0,5.641478629285594,5.476188855708974,5.176188855708975
99893573393,0,5.623453504094803,5.461227377377684,5.161227377377684
100108845321,0,5.605601177771389,5.444930240860663,5.144930240860663
100324228840,0,5.5877256117482945,5.42684551754045,5.12684551754045
100540964765,0,5.569461265472959,5.405082148994939,5.105082148994939
100759730251,0,5.551203482797925,5.386883438722622,5.086883438722622
101006871471,0,5.533402310683872,5.373191761657391,5.073191761657391
101229432427,0,5.516772252161176,5.367101725456913,5.067101725456913
101465350015,0,5.50164703285203,5.365520059069716,5.0655200590697165
101672068404,0,5.488249689494314,5.367673599274873,5.067673599274873
101903010460,0,5.477306980418544,5.378822598736617,5.078822598736617
102141840780,0,5.469519068039624,5.39942785662934,5.09942785662934
102378782623,0,5.464884401758346,5.4231724052268495,5.12317240522685
102602167496,0,5.462975307302465,5.445793457199536,5.145793457199536
102821057515,0,5.463218392004809,5.465406154325906,5.165406154325906
103061748892,0,5.4649958932070195,5.480993404026915,5.180993404026915
103290067728,0,5.46841640763508,5.499201037487627,5.199201037487627
103507226496,0,5.47291181069216,5.513370438205886,5.213370438205886
103735521553,0,5.477942636620866,5.523220069979216,5.223220069979217
103960753655,0,5.483257345720038,5.531089727612593,5.231089727612593
104210128861,0,5.488388387103978,5.534567759559435,5.234567759559435
104436364395,0,5.493063896533626,5.535143481400462,5.2351434814004625
104661757479,0,5.497685540417808,5.539280335375444,5.239280335375444
104902382509,0,5.501998633956038,5.540816475800107,5.2408164758001075
105132356939,0,5.506580067724527,5.547812971640928,5.247812971640928
105377654162,0,5.511906687006761,5.559846260546865,5.259846260546865
105594087535,0,5.517477307408289,5.567612891022045,5.267612891022045
105839393519,0,5.523499120632646,5.57769543965187,5.27769543965187
106103159581,0,5.529689653848871,5.585404452794899,5.285404452794899
106356972627,0,5.535736114011449,5.590154255474651,5.2901542554746515
106578768393,0,5.5419251948811405,5.597626922708361,5.297626922708361
106805996672,0,5.548289268560397,5.605565931673699,5.3055659316737
107033317491,0,5.554529423858707,5.6106908215434945,5.310690821543495
107272505866,0,5.560709316567584,5.6163283509474775,5.316328350947478
107503836644,0,5.566361823452476,5.617234385416499,5.3172343854165
107734429625,0,5.571904055962848,5.621784148556196,5.321784148556196
107969851508,0,5.577971498468925,5.632578481023614,5.3325784810236145
108209984697,0,5.584838924067816,5.646645754457834,5.3466457544578345
108428649998,0,5.591920698921629,5.655656672605953,5.355656672605953
108652916070,0,5.59899284444353,5.6626421541406415,5.362642154140642
108887824212,0,5.606528418259979,5.674348582608015,5.3743485826080155
109132667772,0,5.614688082766174,5.6881250633219285,5.388125063321929
109367541253,0,5.622828683906047,5.696094094164907,5.396094094164908
109626436573,0,5.630570973351959,5.70025157836517,5.40025157836517
109880635853,0,5.638420500778892,5.709066247621297,5.409066247621297
110107999500,0,5.6464384944757695,5.718600437747663,5.4186004377476635
110323729530,0,5.654258197383021,5.72463552354828,5.424635523548281
110559755132,0,5.662408896324124,5.7357651867940564,5.435765186794057
110807805079,0,5.67071273709382,5.745447304021081,5.445447304021081
111038000253,0,5.6791822901931095,5.755408268086721,5.455408268086721
111276755550,0,5.688259985657185,5.769959244833863,5.469959244833863
111493388255,0,5.697540164868723,5.781061777772567,5.481061777772567
111719137513,0,5.707369857765522,5.7958370938367105,5.495837093836711
111957352485,0,5.717596430490003,5.809635585010338,5.509635585010338
112183903655,0,5.728307474791306,5.82470687350303,5.52470687350303
112405799707,0,5.739325491675392,5.838487643632165,5.538487643632165
112639939184,0,5.75072698822639,5.853340457185367,5.553340457185367
112888459172,0,5.762531421311733,5.868771319079825,5.568771319079826
113134720187,0,5.77462022877067,5.883419495901101,5.583419495901101
113373904106,0,5.7872139014877995,5.900556955941966,5.600556955941967
113607510797,0,5.800171727484841,5.916792161458214,5.616792161458214
113842309471,0,5.813853431145511,5.936988764091543,5.6369887640915435
114085525280,0,5.827821824077157,5.953537360461971,5.653537360461971
114312659593,0,5.841780266706342,5.967406250369011,5.6674062503690115
114546444144,0,5.855557119863146,5.979548798274385,5.679548798274385
114761022641,0,5.869022713381586,5.99021305504754,5.69021305504754
114974289012,0,5.882496421327518,6.003759792840909,5.703759792840909
115208615915,0,5.896480661676535,6.022338824817684,5.722338824817684
115454153648,0,5.911182773049463,6.04350177540581,5.74350177540581
115696142164,0,5.926458444190661,6.063939484461451,5.763939484461451
115917727490,0,5.941556091939421,6.077434921678254,5.777434921678254
116151551954,0,5.956120573245251,6.087200904997723,5.787200904997723
116377554422,0,5.9705829094954455,6.1007439357471975,5.800743935747198
116596616805,0,5.985103705611192,6.115790870652909,5.81579087065291
116817809105,0,5.999157517395636,6.125641823455629,5.825641823455629
117066153271,0,6.0126475451967485,6.134057795406759,5.83405779540676
117277771352,0,6.025278719005315,6.138959283282414,5.838959283282414
117494760501,0,6.037077857228299,6.143270101235152,5.843270101235152
117714309094,0,6.048134733528899,6.147646620234301,5.847646620234301
117939143351,0,6.0582089957113645,6.148877355353553,5.848877355353554
118161237306,0,6.067478457758673,6.1509036161844515,5.850903616184452
118377474312,0,6.0759734322054015,6.152428202225958,5.852428202225958
118605498420,0,6.083444258331848,6.150681693469868,5.850681693469868
118822641258,0,6.089454192924094,6.143543604254309,5.843543604254309
119048110973,0,6.093984884343914,6.134761107122296,5.834761107122296
119269400111,0,6.097086422559024,6.125000266495016,5.8250002664950165
119502378669,0,6.098907532872217,6.115297525690952,5.815297525690952
119739795149,0,6.099644401714891,6.106276221298962,5.806276221298962
119961336693,0,6.0996158494035475,6.099358878601458,5.799358878601458
120180035014,0,6.099147167512095,6.094929030489028,5.794929030489028
120402817257,0,6.09846648170358,6.09234030942695,5.79234030942695
120649749884,0,6.097248275882706,6.086284423494834,5.786284423494834
120880506395,0,6.095694190292974,6.081707419985396,5.781707419985397
121101779073,0,6.093964015268306,6.078392440046298,5.778392440046298
121339424976,0,6.09206213735431,6.074945236128335,5.774945236128335
121556823614,0,6.089697246648251,6.068413230293728,5.768413230293728
121771536366,0,6.086819267306381,6.060917453229546,5.760917453229546
121989806858,0,6.083471228357244,6.05333887781501,5.75333887781501
122237636405,0,6.079137560835282,6.040134553137619,5.7401345531376196
122472847675,0,6.073370361115888,6.0214655636413426,5.721465563641343
122693191729,0,6.066458363713137,6.004250387088372,5.704250387088372
122951913258,0,6.059178686683431,5.993661593416077,5.693661593416077
123167896005,0,6.0517688391415065,5.985080211264188,5.6850802112641885
123405316876,0,6.044105377386381,5.975134221590253,5.675134221590254
123626509960,0,6.036063262333289,5.963684226855462,5.663684226855462
123845050014,0,6.028385874732098,5.959289386321387,5.659289386321388
124059331361,0,6.021350899809945,5.95803612551056,5.65803612551056
124285626219,0,6.0149295680907375,5.957137582617868,5.657137582617868
124520296654,0,6.008494237513485,5.950576262318217,5.650576262318217
124733484452,0,6.002101156095831,5.944563423336947,5.6445634233369475
124958618572,0,5.996345451426562,5.944544109403142,5.644544109403142
125193646916,0,5.991360315006222,5.9464940872231695,5.64649408722317
125444214596,0,5.986544902313629,5.943206188080287,5.6432061880802875
125687111902,0,5.982134090925753,5.942436788434875,5.642436788434876
125899722049,0,5.978294531778,5.94373849944822,5.6437384994482205
126121123826,0,5.974418731150398,5.939536525501975,5.639536525501975
126337570020,0,5.970075717172008,5.930988591366492,5.630988591366492
126554933154,0,5.965668698255165,5.926005528003582,5.626005528003582
126772913515,0,5.961720354541616,5.926185261119683,5.626185261119683
126983343782,0,5.958476078068112,5.929277589806572,5.629277589806573
127205158981,0,5.955356628285974,5.927281580246725,5.627281580246725
127432030035,0,5.951964686320783,5.921437208634067,5.621437208634068
127660993382,0,5.948208762543028,5.914405448543233,5.614405448543233
127876013611,0,5.944756028733415,5.9136814244468985,5.613681424446899
128088800285,0,5.941704454863731,5.914240290036578,5.614240290036578
128300286792,0,5.938370445303597,5.9083643592623885,5.608364359262389
128514512176,0,5.934438090986918,5.899046902136808,5.599046902136808
128765785359,0,5.92953136788774,5.88537085999514,5.58537085999514
128980105908,0,5.9235281268785736,5.869498957796079,5.569498957796079
129191751311,0,5.916395003023607,5.852196888328907,5.552196888328907
129411585127,0,5.908158339995485,5.834028372742391,5.534028372742391
129648899554,0,5.898865800311192,5.815232943152557,5.515232943152557
129882826789,0,5.888292583421278,5.793133631412053,5.493133631412054
130139291342,0,5.877254433967875,5.777911088887244,5.477911088887244
130367314903,0,5.866047442582397,5.7651845201131,5.4651845201131
130596974038,0,5.854396192591156,5.749534942669982,5.449534942669982
130822433439,0,5.842927120503364,5.739705471713241,5.439705471713241
131054150446,0,5.83195108806091,5.733166796078823,5.433166796078823
131271425241,0,5.821511144828916,5.727551655740969,5.427551655740969
131493883504,0,5.811121926753679,5.717618964076547,5.4176189640765475
131704640061,0,5.801213333642498,5.7120359956418705,5.412035995641871
131940357432,0,5.79208783196848,5.709958316902319,5.409958316902319
132156521277,0,5.7833789666233555,5.704999178517236,5.404999178517236
132383679280,0,5.775410842550174,5.703697725891534,5.403697725891534
132596490727,0,5.767951412683052,5.7008165438789575,5.400816543878958
132825615089,0,5.760897500335634,5.697412289208872,5.397412289208872
133065225677,0,5.754382405747179,5.695746554451081,5.395746554451081
133302330727,0,5.748045044895017,5.691008797225557,5.391008797225557
133536989044,0,5.742113538646126,5.688729982406108,5.388729982406108
133793159056,0,5.7363314387785715,5.684292539970583,5.384292539970583
134032582015,0,5.731287913270995,5.685896183702803,5.385896183702803
134263296464,0,5.72690102808594,5.687419061420439,5.387419061420439
134532607763,0,5.723476198704749,5.692652734274036,5.392652734274036
134751112141,0,5.721002967653143,5.698743888188684,5.398743888188684
134991875001,0,5.719322398834676,5.704197279468477,5.404197279468478
135217038768,0,5.718657120142193,5.712669611909845,5.412669611909845
135450835955,0,5.718772204796149,5.719807966681754,5.419807966681754
135679324968,0,5.720048598265237,5.731536139487025,5.431536139487025
135945593415,0,5.722072278014906,5.740285395761931,5.440285395761931
136173412554,0,5.725083382586895,5.752183323734793,5.452183323734793
136420141079,0,5.728718016756574,5.761429724283684,5.4614297242836845
136633792102,0,5.733181817739523,5.773356026586066,5.473356026586067
136869325191,0,5.738175555383762,5.783119194181907,5.483119194181907
137107289540,0,5.743691242646418,5.79333242801032,5.49333242801032
137348172062,0,5.749893842319613,5.805717239378376,5.505717239378376
137582879088,0,5.756385132629145,5.814806745414924,5.5148067454149245
137830924723,0,5.763526451660791,5.827798322945608,5.527798322945608
138062940204,0,5.771270518542684,5.840967120479717,5.540967120479717
138297272131,0,5.779129275545811,5.849858088573959,5.549858088573959
138509069974,0,5.786811565475448,5.855952174842181,5.555952174842181
138741847394,0,5.794092617953946,5.859622090260424,5.559622090260424
138962041241,0,5.800716010548501,5.860326543899496,5.560326543899496
139231390879,0,5.8071780028721465,5.8653359337849515,5.565335933784952
139454395860,0,5.813621106226281,5.871609036413487,5.571609036413487
139664925020,0,5.820289788161247,5.88030792557595,5.5803079255759505
139886435416,0,5.82703435437047,5.887735450253476,5.587735450253477
140112915293,0,5.833123699394761,5.887927804613386,5.587927804613386
140324465703,0,5.838123172708758,5.883118432534728,5.583118432534728
140549365714,0,5.841862242295857,5.875513868579748,5.5755138685797485
140758881804,0,5.844275837728639,5.865998196623676,5.565998196623676
140977885124,0,5.845871088159746,5.860228342039706,5.560228342039706
141186520807,0,5.84724045656322,5.859564772194494,5.559564772194494
141420405444,0,5.848567627408079,5.860512165011811,5.5605121650118114
141632266563,0,5.8496708279241405,5.85959963256869,5.55959963256869
141844290242,0,5.850201961214002,5.8549821608227575,5.554982160822758
142050048739,0,5.849762002908825,5.845802378162237,5.545802378162237
142261163761,0,5.847975709525504,5.8318990690756145,5.531899069075615
142482732073,0,5.844502010454203,5.8132387188124985,5.513238718812499
142697023453,0,5.838688893414043,5.786370840052597,5.486370840052597
142917812571,0,5.830358934984476,5.755389309118381,5.455389309118381
143126704272,0,5.8201971668275085,5.728741253414799,5.428741253414799
143343488586,0,5.809127881227537,5.709504310827799,5.409504310827799
143554816924,0,5.797777196408042,5.6956210330325785,5.395621033032579
143765810326,0,5.7865071585409416,5.685076817737038,5.385076817737038
143971088737,0,5.775458221463608,5.676017787767608,5.3760177877676085
144195032426,0,5.7646028398197116,5.666904405024647,5.3669044050246475
144404669820,0,5.753809513609385,5.656669577716446,5.356669577716446
144622860379,0,5.7423935822774075,5.6396502002896085,5.339650200289609
144845246774,0,5.729518574353437,5.61364350303771,5.31364350303771
145077865427,0,5.715085190919645,5.585184740015509,5.285184740015509
145290422201,0,5.699732273035457,5.561556012077771,5.261556012077771
145508267705,0,5.683953898899269,5.541948531673568,5.241948531673568
145720914711,0,5.667880146831993,5.52321637822651,5.22321637822651
145936906962,0,5.651046452088489,5.499543199396956,5.199543199396956
146161499259,0,5.633119532873332,5.471777259936912,5.1717772599369125
146372447560,0,5.614575107397671,5.447675278116723,5.147675278116723
146582995206,0,5.596155875602775,5.430382789448713,5.1303827894487135
146815913324,0,5.577673523889032,5.411332358465345,5.111332358465345
147045434838,0,5.558802444975696,5.388962734755677,5.088962734755677
147277743055,0,5.539855450433089,5.3693324995496265,5.069332499549627
147489968889,0,5.520198236261826,5.343283308720458,5.043283308720458
147743219864,0,5.500048312905057,5.318699002694136,5.018699002694136
147967900769,0,5.479827703204786,5.2978422159023495,4.99784221590235
148203964781,0,5.459652326763003,5.278073938786952,4.978073938786952
148455987097,0,5.4398444171531315,5.261573230664291,4.961573230664291
148694550672,0,5.420658856589782,5.247988811519637,4.947988811519637
148915085508,0,5.402014748397102,5.234217774662988,4.934217774662988
149133374916,0,5.3839001550090595,5.220868814516677,4.920868814516677
149356506608,0,5.366365502068794,5.208553625606398,4.908553625606398
149568866918,0,5.349144210707424,5.194152588455097,4.894152588455097
149808864798,0,5.332372017186264,5.181422275495824,4.881422275495824
150069725704,0,5.315620608544948,5.164857930773097,4.8648579307730975
150287324739,0,5.299082148447821,5.150236007573686,4.850236007573686
150503343004,0,5.2826580400602925,5.134841064572532,4.834841064572532
150758295026,0,5.266590342931912,5.121981068776492,4.821981068776492
151000348990,0,5.250744158167874,5.108128495291536,4.808128495291536
151230539032,0,5.235532309587895,5.09862567236808,4.79862567236808
151469013164,0,5.220699361933462,5.08720283304356,4.78720283304356
151718334839,0,5.20680948980892,5.081800640688045,4.781800640688045
151948218527,0,5.1934439941964925,5.073154533684644,4.773154533684644
152192763179,0,5.180994702211405,5.068951074345616,4.768951074345616
152438688179,0,5.1693876958686635,5.064924638783997,4.764924638783997
152660427012,0,5.158517690245259,5.060687639634615,4.760687639634615
152914110949,0,5.148499918230603,5.058339970098694,4.758339970098694
153148179023,0,5.138832722844723,5.051827964371801,4.7518279643718015
153385189465,0,5.129910005143227,5.049605545829762,4.749605545829763
153608168593,0,5.12127809655971,5.043590919308053,4.743590919308053
153857135450,0,5.113268354523343,5.041180676196039,4.74118067619604
154105988939,0,5.105644619457902,5.037031003868933,4.737031003868934
154327062006,0,5.098582492336899,5.035023348247874,4.735023348247874
154574136472,0,5.092347207377669,5.036229642744599,4.7362296427446
154825298296,0,5.08682642619927,5.037139395593674,4.737139395593674
155085048955,0,5.082582306390152,5.044385228108088,4.744385228108088
155348673640,0,5.079139199378554,5.0481512362741725,4.748151236274173
155587015177,0,5.0767347717372555,5.055094922965571,4.755094922965571
155818077863,0,5.0751937944583965,5.061324998948662,4.761324998948663
156045678093,0,5.074483896700845,5.068094816882878,4.768094816882878
156272053627,0,5.074465257255222,5.074297502244608,4.774297502244608
156517176404,0,5.075194769128506,5.08176037598807,4.78176037598807
156732915341,0,5.07646859769494,5.087933054792844,4.787933054792844
156988147405,0,5.078557502661292,5.097357647358464,4.7973576473584645
157235474199,0,5.082136682988183,5.114349305930195,4.814349305930195
157450288734,0,5.087966095836826,5.140430811474618,4.840430811474618
157683693099,0,5.096376294585043,5.17206808331899,4.87206808331899
157912204587,0,5.107493434175814,5.207547690492755,4.9075476904927555
158136750762,0,5.121259687005411,5.2451559624717845,4.945155962471785
158354830492,0,5.137395289135113,5.28261570830243,4.98261570830243
158606442770,0,5.155380087889931,5.3172432766832936,5.017243276683294
158830600671,0,5.17449670467605,5.346546255751122,5.046546255751122
159057487153,0,5.193933422943222,5.368863887347771,5.068863887347772
159283856386,0,5.212934767411666,5.383946867627665,5.083946867627665
159519122996,0,5.230892012099611,5.392507214291116,5.092507214291116
159761068707,0,5.246937336088247,5.391345251985969,5.091345251985969
159997247778,0,5.260598141773444,5.383545392940222,5.083545392940223
160244085143,0,5.271038720648836,5.36500393052736,5.06500393052736
160491596350,0,5.277870479203789,5.339356306198368,5.039356306198369
160719499674,0,5.2812012541171525,5.311178228337428,5.011178228337428
160951054602,0,5.281362689373259,5.2828156066782155,4.982815606678216
161199868373,0,5.279383131366176,5.261567109302434,4.961567109302434
161439633762,0,5.276449193508941,5.250043752793828,4.950043752793828
161662711918,0,5.27317806059059,5.243737864325433,4.943737864325433
161918848921,0,5.269145208588662,5.232849540571308,4.932849540571308
162142755172,0,5.263634564381089,5.214038766512935,4.9140387665129355
162406337357,0,5.257105309550203,5.198342016072234,4.898342016072234
162639923388,0,5.25006217265067,5.186673940554872,4.886673940554872
162865211109,0,5.241999358560669,5.169434031750659,4.869434031750659
163076842176,0,5.233374567029605,5.155751443250032,4.855751443250032
163306259569,0,5.224873992584368,5.148368822577236,4.848368822577236
163528570537,0,5.216160171725391,5.13773578399459,4.8377357839945905
163756846832,0,5.20795466395302,5.134105094001681,4.834105094001681
163991378168,0,5.200521403456356,5.1336220589863775,4.833622058986378
164206786632,0,5.194494436727749,5.140251736170291,4.840251736170291
164428566707,0,5.190639079439603,5.155940863846295,4.855940863846295
164669569409,0,5.188484192726172,5.169090212305283,4.8690902123052835
164898256532,0,5.188506616825514,5.188708433719593,4.888708433719593
165140734331,0,5.19028469837531,5.206287432323471,4.906287432323471
165377860578,0,5.193804664795915,5.225484362581366,4.925484362581366
165609412563,0,5.199063182955168,5.24638984638844,4.94638984638844
165830627206,0,5.205856457826043,5.266995931663913,4.966995931663913
166057703152,0,5.214696063294656,5.294252512512175,4.994252512512175
166275472111,0,5.225859922504743,5.32633465539552,5.02633465539552
166505697304,0,5.239301189882789,5.3602725962852045,5.060272596285205
166738559700,0,5.253882568787125,5.385114978926149,5.085114978926149
166956798203,0,5.268963610782219,5.4046929887380655,5.104692988738066
167210322681,0,5.284806486789627,5.427392370856298,5.127392370856298
167446884657,0,5.3015182118309365,5.451923737202726,5.1519237372027264
167692304936,0,5.318632506130996,5.472661154831528,5.172661154831528
167944979705,0,5.3359182010973045,5.491489455794082,5.191489455794082
168231248469,0,5.353293606537718,5.509672255501436,5.209672255501436
168453729985,0,5.371481591532202,5.535173456482557,5.235173456482557
168666919804,0,5.391234150220562,5.569007178415806,5.269007178415806
168901938416,0,5.41291536931449,5.608046341159845,5.308046341159845
169174254647,0,5.436285343561756,5.646615111787146,5.3466151117871465
169394201844,0,5.460663859829849,5.680070506242693,5.380070506242693
169607777159,0,5.4864197853934655,5.718223115466009,5.418223115466009
169820703488,0,5.513807947714783,5.760301408606641,5.460301408606641
170042591020,0,5.542933948095827,5.805067951525228,5.505067951525228
170294237828,0,5.573819491391713,5.851789381054684,5.551789381054684
170516574990,0,5.605837322208026,5.893997799554834,5.593997799554834
170773863914,0,5.638139069816542,5.928854798293183,5.628854798293183
171023837363,0,5.670309445020799,5.959842821859119,5.659842821859119
171258888943,0,5.701785197640047,5.985066971213271,5.6850669712132715
171474399923,0,5.731892654647486,6.00285976771444,5.702859767714441
171704129027,0,5.761142654700427,6.024392655176897,5.7243926551768975
171935348911,0,5.790643364652984,6.0561497542259985,5.756149754225999
172168065058,0,5.8210699881200405,6.094909599323549,5.7949095993235495
172429167656,0,5.852711475727412,6.137484864193761,5.837484864193761
172654995090,0,5.885133043883511,6.1769271572883975,5.876927157288398
172890899538,0,5.918362275351264,6.2174253585610355,5.917425358561036
173106306340,0,5.952335387572971,6.258093397568333,5.958093397568333
173346413755,0,5.986955783626038,6.298539348103642,5.998539348103642
173592028774,0,6.021865662172415,6.336054569089804,6.036054569089804
173798933489,0,6.055512186318172,6.358330903629983,6.058330903629983
174021707954,0,6.087173386489269,6.372124188029139,6.0721241880291394
174254301133,0,6.116955180415019,6.384991325746767,6.084991325746767
174478247657,0,6.145073414603003,6.39813752229486,6.09813752229486
174701450338,0,6.17237627906256,6.418102059198569,6.118102059198569
174949037705,0,6.199437046647615,6.442983954913119,6.142983954913119
175168620598,0,6.226507388466249,6.470140464833956,6.170140464833956
175393022311,0,6.253676700732431,6.4982005111280685,6.198200511128069
175636592071,0,6.280680479750266,6.523714490910789,6.2237144909107895
175863435593,0,6.307517547250618,6.549051154753782,6.249051154753782
176101384114,0,6.33420209306537,6.574363005398136,6.274363005398136
176342413525,0,6.360760932978586,6.599790492197531,6.299790492197531
176572296111,0,6.386761191741186,6.6207635206045925,6.320763520604593
176793548833,0,6.411553199453541,6.634681268864736,6.3346812688647365
177011717796,0,6.434853443426672,6.644555639184847,6.344555639184847
177233801899,0,6.456546709894537,6.6517861081053224,6.351786108105323
177465444171,0,6.476592731157696,6.657006922526128,6.3570069225261285
177688449662,0,6.494888765420722,6.659553073787951,6.359553073787951
177924374738,0,6.512082098419159,6.666822095405097,6.366822095405097
178148595498,0,6.528543987533932,6.676700989566884,6.376700989566884
178384560930,0,6.544436854114824,6.687472653342856,6.387472653342856
178654557199,0,6.559518233280527,6.6952506457718535,6.395250645771854
178901111863,0,6.573963297516307,6.70396887563832,6.40396887563832
179110314626,0,6.587431017178366,6.7086404941369,6.4086404941369
179324438049,0,6.599368179005667,6.706802635451381,6.406802635451381
179573162924,0,6.609984391770977,6.705530306658771,6.405530306658771
179804945431,0,6.619601362882995,6.706154102891154,6.406154102891154
180037795776,0,6.627714698316101,6.700734717214052,6.4007347172140525
180258203641,0,6.633914965868449,6.689717373839578,6.389717373839578
180491336257,0,6.637989775512572,6.674663062309678,6.374663062309678
180719645265,0,6.640247634237527,6.6605683627621275,6.360568362762128
180964414692,0,6.641349170607555,6.651262997937801,6.351262997937801
181186762496,0,6.641623252387074,6.64408998840275,6.34408998840275
181406144162,0,6.64133712181258,6.638761946642132,6.3387619466421325
181640109213,0,6.640699195593236,6.63495785961915,6.33495785961915
181853609409,0,6.639314158613876,6.626848825799632,6.326848825799632
182082726352,0,6.636648398276841,6.612656555243518,6.312656555243518
182306954925,0,6.632576620159258,6.595930617101017,6.295930617101017
182527212482,0,6.627757864306048,6.584389061627157,6.284389061627158
182763338480,0,6.62227490463163,6.572928267561867,6.272928267561867
183002676487,0,6.615929336375121,6.558819222066538,6.258819222066538
183243193248,0,6.608207269137704,6.5387086640009535,6.238708664000954
183450713938,0,6.5999947201828695,6.526081779589357,6.226081779589357
183708240161,0,6.591588590861388,6.5159334269680524,6.215933426968053
183909040473,0,6.583144823173249,6.507150913979996,6.207150913979996
184120142224,0,6.574396318486793,6.495659776308685,6.195659776308685
184334139824,0,6.564756955511983,6.478002688738702,6.178002688738702
184561169045,0,6.554537961282653,6.4625670132186865,6.162567013218687
184781475857,0,6.544091430762385,6.450072656079968,6.150072656079968
184984676408,0,6.533677464159737,6.4399517647359055,6.139951764735906
185217734389,0,6.523136216154199,6.428264984104349,6.128264984104349
185437321664,0,6.511833026065404,6.410104315266253,6.110104315266253
185638186393,0,6.499517479485729,6.388677560268652,6.0886775602686525
185852559007,0,6.4859980504579955,6.3643231892083865,6.064323189208387
186078435786,0,6.471236783241255,6.338385378290591,6.038385378290591
186317108015,0,6.455938363781156,6.318252588640267,6.018252588640268
186532004889,0,6.441053420690468,6.307088932874279,6.00708893287428
186744561631,0,6.4270380474608775,6.30089968839456,6.0008996883945604
186948020644,0,6.414365340407359,6.300310976925691,6.000310976925691
187153271147,0,6.40295425573053,6.300254493639068,6.000254493639068
187370216320,0,6.392123301833359,6.294644716758816,5.994644716758816
187568457658,0,6.381156275769287,6.282453041192638,5.982453041192638
187772369991,0,6.369843930715514,6.268032825231552,5.968032825231552
187984246332,0,6.35828231214444,6.2542277450047745,5.954227745004775
188196409948,0,6.347661430420919,6.25207349490923,5.95207349490923
188405538113,0,6.34019053649298,6.272952491141528,5.972952491141529
188629429642,0,6.337342139338575,6.311706564948933,6.011706564948933
188844477141,0,6.339393855957064,6.357859305523464,6.057859305523464
189058188349,0,6.34618417854497,6.407297081836122,6.107297081836122
189280409441,0,6.356231783588943,6.446660228984705,6.146660228984705
189512975927,0,6.36922314407095,6.48614538840901,6.1861453884090105
189721410602,0,6.383533011760248,6.512321820963934,6.212321820963934
189950716103,0,6.39802271112731,6.528430005430872,6.228430005430872
190182255286,0,6.41193157468813,6.537111346735512,6.237111346735512
190404613454,0,6.425632842754085,6.548944255347681,6.2489442553476815
190618416875,0,6.438935531195084,6.558659727164071,6.258659727164071
190832023896,0,6.4515491180319895,6.565071399564136,6.265071399564136
191050371007,0,6.462970707473645,6.5657650124485505,6.265765012448551
191264090334,0,6.472467896538685,6.557942598124044,6.257942598124044
191493410305,0,6.480115533166088,6.548944262812715,6.248944262812715
191713225075,0,6.486515237695543,6.544112578460641,6.2441125784606415
191928392784,0,6.492574466686612,6.54710752760624,6.24710752760624
192150286357,0,6.498835668304321,6.5551864828636965,6.255186482863697
192373425047,0,6.505018956867764,6.560668553938755,6.260668553938755
192607764976,0,6.510946073874938,6.564290126939502,6.264290126939502
192824935081,0,6.517064947912321,6.572134814248761,6.272134814248761
193043868860,0,6.523640080154448,6.582816270333592,6.282816270333592
193266028812,0,6.530725525812507,6.594494536735039,6.294494536735039
193512218140,0,6.537647855261459,6.59994882030203,6.29994882030203
193728355115,0,6.543538522814766,6.596554530794531,6.296554530794531
193953537516,0,6.548291119422897,6.5910644888960785,6.291064488896079
194174862328,0,6.55254267114212,6.590806636615132,6.290806636615132
194396357490,0,6.556686962616262,6.593985585883539,6.293985585883539
194618849740,0,6.5609737746463725,6.599555082917368,6.299555082917368
194830345678,0,6.565091542722003,6.602151455402683,6.302151455402683
195061354839,0,6.568366907951649,6.597845195018461,6.2978451950184615
195285258380,0,6.5704707505867805,6.589405334302968,6.289405334302968
195505379574,0,6.571386550777708,6.57962875249606,6.27962875249606
195745351399,0,6.571032647428447,6.567847517285093,6.267847517285094
195961486967,0,6.569454851421151,6.555254687355487,6.255254687355487
196176601294,0,6.5672588143261805,6.547494480471445,6.247494480471445
196395093294,0,6.565161750949524,6.546288180559614,6.246288180559614
196638007905,0,6.563642402465845,6.549968266112739,6.249968266112739
196846096990,0,6.563004585839828,6.557264236205671,6.257264236205671
197066395184,0,6.563276487812365,6.565723605565196,6.265723605565197
197295940621,0,6.564470542598702,6.575217035675734,6.275217035675734
197526404894,0,6.566573623462997,6.585501351241654,6.285501351241654
197740843004,0,6.568715109771468,6.587988486547714,6.2879884865477145
197957350377,0,6.569614120998911,6.577705222045895,6.2777052220458955
198187673154,0,6.56843960168064,6.557868927816205,6.257868927816205
198407282778,0,6.565062218575816,6.534665770632397,6.234665770632398
198640053951,0,6.560582658257276,6.5202666153904145,6.220266615390415
198848202085,0,6.555641296506166,6.5111690407461715,6.211169040746172
199080274439,0,6.55070156238101,6.506243955254612,6.206243955254612
199325736910,0,6.545776040989611,6.501446348467018,6.201446348467019
199548369363,0,6.540784085725443,6.49585648834793,6.19585648834793
199770992423,0,6.535655832472273,6.489501553193738,6.189501553193738
199984141354,0,6.530360993622386,6.482707443973405,6.182707443973405
200198620667,0,6.524401630364947,6.470767361047995,6.170767361047996
200419231720,0,6.517204775893639,6.452433085651862,6.152433085651862
200649962823,0,6.508749304508057,6.4326500620378235,6.132650062037824
200884475442,0,6.499568932771051,6.416945587137997,6.116945587137997
201108263809,0,6.490151609957192,6.40539570463247,6.10539570463247
201321084034,0,6.480240606499343,6.391041575378702,6.091041575378703
201560667439,0,6.46930897509299,6.370924292435809,6.0709242924358096
201780498149,0,6.457734942936495,6.353568653528046,6.053568653528046
202020714757,0,6.445970122206523,6.3400867356367705,6.040086735636771
202251241230,0,6.4342597749974075,6.328866650115366,6.028866650115366
202461386115,0,6.423008595364756,6.321747978670891,6.021747978670891
202691171129,0,6.411564909823265,6.3085717399498495,6.00857173994985
202913399905,0,6.399333546157102,6.28925127316164,5.98925127316164
203148973769,0,6.386293266244175,6.268930747027838,5.968930747027838
203376816291,0,6.372403950235423,6.247400106156648,5.947400106156648
203593821415,0,6.357653684915458,6.224901297035766,5.924901297035766
203833316490,0,6.342057012591198,6.201686961672859,5.901686961672859
204079035201,0,6.326319794684396,6.18468483352318,5.88468483352318
204303145271,0,6.311200118130645,6.175123029146883,5.8751230291468834
204527312898,0,6.297023667067476,6.169435607498958,5.869435607498958
204755323418,0,6.2833362521190175,6.160149517582888,5.860149517582888
204994579607,0,6.269835710801462,6.148330838943461,5.848330838943461
205234742434,0,6.25709516806219,6.14243028340874,5.84243028340874
205475452542,0,6.245357358546793,6.139717072908227,5.839717072908227
205721825379,0,6.234715239692049,6.138936169999352,5.838936169999352
205975001130,0,6.224403278097598,6.1315956237475415,5.831595623747542
206202788289,0,6.213840584515014,6.1187763422717625,5.818776342271763
206460283394,0,6.202700470903982,6.102439448404684,5.802439448404685
206704110596,0,6.191082106159383,6.0865168234579965,5.786516823457997
206933758842,0,6.179735879617885,6.077619840744405,5.777619840744405
207161256476,0,6.169083717576616,6.073214259205201,5.773214259205202
207381989991,0,6.159077415114644,6.0690206929568875,5.769020692956888
207635248847,0,6.148931496899497,6.057618232963174,5.757618232963174
207866620154,0,6.13871624416616,6.046778969566126,5.746778969566126
208108548212,0,6.128759055110222,6.03914435360678,5.73914435360678
208348698818,0,6.118619023094648,6.02735873495448,5.72735873495448
208594923947,0,6.108694975555612,6.019378547704289,5.719378547704289
208842730421,0,6.099323108596965,6.014976305969141,5.714976305969141
209080147631,0,6.090311096695607,6.009202989583378,5.709202989583378
209323372040,0,6.080946579839518,5.996665928134716,5.696665928134716
209557590138,0,6.071090750059047,5.9823882820348055,5.682388282034806
209788498046,0,6.0614049904142675,5.974233153611256,5.674233153611256
210021729823,0,6.052070373689108,5.968058823162666,5.668058823162666
210253352775,0,6.042402327229572,5.955389909093751,5.655389909093751
210481907278,0,6.032102012576926,5.93939918070311,5.63939918070311
210718815422,0,6.021453772296333,5.925619609770993,5.625619609770993
210970722369,0,6.011053741588358,5.917453465216588,5.617453465216588
211201341731,0,6.000571975143722,5.906236077141995,5.606236077141995
211446428926,0,5.9896988176866035,5.891840400572534,5.591840400572535
211691344092,0,5.979073998189226,5.88345062271283,5.58345062271283
211908494442,0,5.969085021334522,5.879184229642187,5.579184229642187
212143611053,0,5.959162893068525,5.869863738674553,5.569863738674553
212394121982,0,5.949496285108297,5.862496813466247,5.562496813466248
212635085103,0,5.940448146359819,5.85901489762352,5.55901489762352
212880451084,0,5.93144928893449,5.850459572106531,5.550459572106531
213131235822,0,5.922854239447794,5.845498794067529,5.545498794067529
213381767266,0,5.914466247428719,5.8389743192570425,5.538974319257043
213624214300,0,5.906213283735333,5.831936610494862,5.531936610494862
213847445479,0,5.898090141473219,5.824981861114189,5.524981861114189
214070269875,0,5.890130892107133,5.8184976478123644,5.518497647812365
214322179662,0,5.8821734186436645,5.810556157472448,5.510556157472448
214551523890,0,5.874404312390085,5.8044823561078625,5.504482356107863
214796567529,0,5.8667117785532,5.797478974021238,5.497478974021238
215035239998,0,5.859263647185898,5.792230464880178,5.492230464880178
215254796479,0,5.851790513658843,5.784532311915344,5.484532311915344
215486416565,0,5.844682851418315,5.780713891253565,5.480713891253565
215722225758,0,5.837434095055596,5.7721952877911304,5.472195287791131
215957625123,0,5.830361731782567,5.766710462325306,5.466710462325306
216208110002,0,5.823129307252497,5.758037486481868,5.458037486481868
216450454573,0,5.815807281041146,5.749909045138989,5.449909045138989
216679005547,0,5.808168285290517,5.73941732353485,5.43941732353485
216911398196,0,5.800211209442676,5.728597526812104,5.428597526812104
217134141515,0,5.791833060375465,5.716429718770573,5.416429718770573
217380108972,0,5.782878475920596,5.702287215826774,5.4022872158267745
217631489419,0,5.773442097313643,5.688514689851067,5.388514689851067
218555812103,0,5.763219617221057,5.671217296387784,5.371217296387784
218774788611,0,5.752373376737646,5.654757212386944,5.354757212386944
